{"cameraMode":{"drawMode":0,"name":"Shaded","section":"Shading Mode"},"sceneLighting":true,"audioPlay":false,"sceneViewState":{"showFog":false,"showMaterialUpdate":false,"showSkybox":false,"showFlares":false,"showImageEffects":false,"showParticleSystems":false},"in2DMode":false,"pivot":{"x":12.026060104370118,"y":11.01541805267334,"z":-2.9894049167633058},"rotation":{"x":0.14845706522464753,"y":-0.7326663136482239,"z":0.17180030047893525,"w":0.6426361799240112},"size":6.532052040100098,"orthographic":false}