{"cameraMode":{"drawMode":0,"name":"Shaded","section":"Shading Mode"},"sceneLighting":true,"audioPlay":false,"sceneViewState":{"showFog":true,"showMaterialUpdate":false,"showSkybox":true,"showFlares":true,"showImageEffects":true,"showParticleSystems":true},"in2DMode":false,"pivot":{"x":34.239261627197269,"y":-100.47765350341797,"z":-111.979736328125},"rotation":{"x":0.047948721796274188,"y":0.9313233494758606,"z":-0.33564847707748415,"w":0.13304978609085084},"size":81.8540267944336,"orthographic":false}