{"cameraMode":{"drawMode":0,"name":"Shaded","section":"Shading Mode"},"sceneLighting":true,"audioPlay":false,"sceneViewState":{"showFog":true,"showMaterialUpdate":false,"showSkybox":true,"showFlares":true,"showImageEffects":true,"showParticleSystems":true},"in2DMode":false,"pivot":{"x":1.3294482231140137,"y":0.22602248191833497,"z":5.002712249755859},"rotation":{"x":-0.1059315949678421,"y":-0.8724206686019898,"z":0.2176697850227356,"w":-0.42465940117836},"size":1.6819438934326172,"orthographic":false}