{"cameraMode":{"drawMode":0,"name":"Shaded","section":"Shading Mode"},"sceneLighting":true,"audioPlay":false,"sceneViewState":{"showFog":true,"showMaterialUpdate":false,"showSkybox":true,"showFlares":true,"showImageEffects":true,"showParticleSystems":true},"in2DMode":false,"pivot":{"x":3.502009153366089,"y":1.934976577758789,"z":7.407495975494385},"rotation":{"x":0.03640270605683327,"y":-0.8902311325073242,"z":0.07226060330867768,"w":0.44829824566841128},"size":0.7970702052116394,"orthographic":false}