{"cameraMode":{"drawMode":0,"name":"Shaded","section":"Shading Mode"},"sceneLighting":true,"audioPlay":false,"sceneViewState":{"showFog":true,"showMaterialUpdate":false,"showSkybox":true,"showFlares":true,"showImageEffects":true,"showParticleSystems":true},"in2DMode":false,"pivot":{"x":0.015343215316534043,"y":1.6108795404434205,"z":-5.193495273590088},"rotation":{"x":0.12510235607624055,"y":-0.6883350014686585,"z":0.12225174158811569,"w":0.7041668891906738},"size":4.3101019859313969,"orthographic":false}