{"cameraMode":{"drawMode":0,"name":"Shaded","section":"Shading Mode"},"sceneLighting":true,"audioPlay":false,"sceneViewState":{"showFog":true,"showMaterialUpdate":false,"showSkybox":true,"showFlares":true,"showImageEffects":true,"showParticleSystems":true},"in2DMode":false,"pivot":{"x":0.3734043836593628,"y":0.8739995360374451,"z":5.582603931427002},"rotation":{"x":-0.02895122952759266,"y":-0.9634069204330444,"z":0.11647840589284897,"w":-0.24010804295539857},"size":1.7320506572723389,"orthographic":false}