{"cameraMode":{"drawMode":0,"name":"Shaded","section":"Shading Mode"},"sceneLighting":false,"audioPlay":false,"sceneViewState":{"showFog":true,"showMaterialUpdate":false,"showSkybox":false,"showFlares":true,"showImageEffects":true,"showParticleSystems":true},"in2DMode":false,"pivot":{"x":11.122751235961914,"y":2.3404977321624758,"z":0.3563278615474701},"rotation":{"x":-0.08257213234901428,"y":0.797688901424408,"z":-0.11225716769695282,"w":-0.5867531895637512},"size":0.7970703840255737,"orthographic":false}