{"cameraMode":{"drawMode":0,"name":"Shaded","section":"Shading Mode"},"sceneLighting":true,"audioPlay":false,"sceneViewState":{"showFog":true,"showMaterialUpdate":false,"showSkybox":true,"showFlares":true,"showImageEffects":true,"showParticleSystems":true},"in2DMode":false,"pivot":{"x":0.34047698974609377,"y":0.795189619064331,"z":5.588888645172119},"rotation":{"x":0.16529951989650727,"y":0.6830219626426697,"z":-0.163033127784729,"w":0.6925168037414551},"size":1.7320507764816285,"orthographic":false}