{"cameraMode":{"drawMode":0,"name":"Shaded","section":"Shading Mode"},"sceneLighting":true,"audioPlay":false,"sceneViewState":{"showFog":true,"showMaterialUpdate":false,"showSkybox":true,"showFlares":true,"showImageEffects":true,"showParticleSystems":true},"in2DMode":false,"pivot":{"x":10.59000015258789,"y":2.5999999046325685,"z":3.9499998092651369},"rotation":{"x":-0.13028638064861298,"y":0.8210065960884094,"z":-0.20772847533226014,"w":-0.5157878994941711},"size":5.35960054397583,"orthographic":false}