{"cameraMode":{"drawMode":0,"name":"Shaded","section":"Shading Mode"},"sceneLighting":true,"audioPlay":false,"sceneViewState":{"showFog":true,"showMaterialUpdate":false,"showSkybox":true,"showFlares":true,"showImageEffects":true,"showParticleSystems":true},"in2DMode":false,"pivot":{"x":12.36294174194336,"y":2.115476608276367,"z":0.7317603826522827},"rotation":{"x":0.10250318795442581,"y":-0.8257694840431213,"z":0.15945418179035188,"w":0.531252920627594},"size":2.1415719985961916,"orthographic":false}