{"cameraMode":{"drawMode":0,"name":"Shaded","section":"Shading Mode"},"sceneLighting":false,"audioPlay":false,"sceneViewState":{"showFog":true,"showMaterialUpdate":false,"showSkybox":false,"showFlares":true,"showImageEffects":true,"showParticleSystems":true},"in2DMode":false,"pivot":{"x":3.445941686630249,"y":5.107632160186768,"z":-5.932446002960205},"rotation":{"x":0.17990843951702119,"y":-0.6496289372444153,"z":0.16227269172668458,"w":0.7206555008888245},"size":1.4273138046264649,"orthographic":false}