{"cameraMode":{"drawMode":0,"name":"Shaded","section":"Shading Mode"},"sceneLighting":true,"audioPlay":false,"sceneViewState":{"showFog":true,"showMaterialUpdate":false,"showSkybox":true,"showFlares":true,"showImageEffects":true,"showParticleSystems":true},"in2DMode":false,"pivot":{"x":-30.3486385345459,"y":-9.078612327575684,"z":12.1995267868042},"rotation":{"x":0.33894315361976626,"y":-0.1084277406334877,"z":0.03947186470031738,"w":0.9337747097015381},"size":9.577322006225586,"orthographic":false}